Question,Answer
What is the best time to plant maize?,"Maize should be planted during the onset of rains, typically March to May in East Africa. Ensure soil moisture is adequate before planting."
How do I prepare soil for maize farming?,"Clear the field of weeds and previous crop residue. Plough deeply to 20-25 cm. Add 20 tons of well-rotted manure per hectare and incorporate it into the soil."
What is the ideal spacing for maize plants?,"Plant maize at 75 cm between rows and 25 cm between plants within rows. This spacing allows for proper air circulation and sunlight penetration."
How often should I fertilize maize crops?,"Apply basal fertilizer at planting (500 kg/ha of DAP). Apply top dressing with CAN fertilizer (250 kg/ha) at the 6-8 leaf stage for better yields."
What pests attack maize and how do I control them?,"Common pests include armyworms, stem borers, and aphids. Use integrated pest management: crop rotation, pheromone traps, neem-based insecticides, and biological controls."
How can I prevent maize from falling over during storms?,"Ensure proper spacing for air circulation. Use better varieties with strong stalks. Apply top dressing fertilizer at recommended rates to strengthen plants. Avoid over-irrigation."
What is the best time to harvest maize?,"Harvest when the cob turns reddish-brown and grains are hard. This is typically 120-150 days after planting, depending on the variety."
How do I store maize after harvest?,"Dry grains to 12-13% moisture content. Store in clean, dry, well-ventilated structures. Use airtight containers with ash or lime to prevent pest infestation."
What are the signs of nitrogen deficiency in maize?,"Yellowing of lower leaves progressing upward, stunted growth, and reduced grain yield. Apply top dressing fertilizer immediately to correct the deficiency."
What is the best variety of maize for small farms?,"High-yielding varieties like H513, H614, and H625 are recommended. They are drought-tolerant, high-yielding, and suitable for small-scale farmers."
How do I prevent aflatoxin contamination in stored maize?,"Store maize in cool, dry places with good ventilation. Use food-grade storage containers. Avoid mixing old and new grain. Monitor moisture content and temperature."
What is the best time to plant beans?,"Beans are planted during long rains (March-May) or short rains (October-November). Ensure soil temperature is above 18°C for germination."
How do I improve bean yields on my farm?,"Use certified seeds, plant at recommended spacing (50x20 cm), apply compost before planting, weed regularly, and use disease-resistant varieties."
What diseases affect beans and how do I control them?,"Common diseases are anthracnose, angular leaf spot, and bean rust. Use resistant varieties, crop rotation, proper spacing for air circulation, and fungicide sprays if needed."
How often should I water my bean plants?,"Bean plants need 300-400 mm of water during the growing season. Water regularly but avoid waterlogging. Reduce watering as plants approach maturity."
What is the best fertilizer for beans?,"Beans are legumes and fix their own nitrogen. Use phosphate-rich fertilizers (e.g., 18-46-0) at 250-500 kg/ha. Avoid excessive nitrogen."
How long does it take for beans to mature?,"Bush beans mature in 60-90 days, while climbing beans take 90-120 days, depending on the variety and growing conditions."
How do I harvest beans at the right time?,"Harvest when pods are mature and rattle when shaken. Pick regularly to encourage continuous flowering and fruiting."
What is the best soil type for tomato farming?,"Tomatoes prefer well-drained, fertile soil with a pH of 6.0-6.8. Sandy loam or loamy soil enriched with organic matter is ideal."
How do I prepare seedlings for tomato transplanting?,"Grow seedlings in nursery beds or seedboxes for 4-6 weeks. Harden seedlings by gradually exposing them to sunlight. Ensure they have 4-6 leaves before transplanting."
What is the ideal spacing for tomato plants?,"Space tomato plants 60-75 cm apart between rows and 45-60 cm within rows. This allows for proper ventilation and reduces disease incidence."
How often should I water tomato plants?,"Water deeply every 2-3 days, depending on soil type and weather. Maintain consistent moisture to prevent blossom-end rot and fruit cracking."
What are the main pests affecting tomatoes?,"Tomato hornworms, fruit flies, spider mites, and whiteflies are common. Use integrated pest management: remove infected plants, use neem spray, and encourage natural predators."
How do I prevent early and late blight in tomatoes?,"Use disease-resistant varieties, practice crop rotation, avoid overhead watering, maintain proper spacing, and apply fungicides like mancozeb if needed."
What is the best fertilizer for tomatoes?,"Use balanced fertilizer like 17-17-17 at planting. Apply NPK 10-20-20 during flowering and fruiting stages. Side-dress with nitrogen-rich fertilizer for continuous production."
How do I stake and prune tomato plants?,"Install stakes or trellises at planting. Tie plants loosely with soft twine. Remove suckers (shoots between stem and branches) to direct energy to main stems and fruit production."
When is the best time to harvest tomatoes?,"Harvest when fruits are fully colored and slightly soft to pressure. Tomatoes ripened on the vine have better flavor and nutritional content."
How can I increase tomato productivity?,"Use high-yielding varieties, provide consistent water and nutrients, maintain optimal spacing, control pests and diseases, mulch the soil, and harvest regularly."
What causes yellow leaves in tomato plants?,"Yellow leaves can indicate nitrogen deficiency, overwatering, disease, or pest damage. Diagnose the cause and apply appropriate remedies."
How do I prevent fruit cracking in tomatoes?,"Maintain consistent soil moisture with mulching. Avoid irregular watering patterns. Water more in dry periods and reduce watering before harvest."
What is the best time to plant cassava?,"Cassava is planted at the beginning of the rainy season (March-May) or (October-November). Avoid planting during dry periods."
How do I prepare cassava cuttings for planting?,"Use healthy, disease-free cuttings from 8-12 month old plants. Cut 20-25 cm long pieces with 3-4 buds. Store in cool, shaded place until planting."
What is the ideal spacing for cassava plants?,"Plant cassava at 1 m x 1 m spacing (100 cm x 100 cm). This allows plants adequate space for growth and ease of harvesting."
How do I control weeds in cassava farms?,"Hand-hoe weeds at 3, 6, and 9 months after planting. Mulch with grass or crop residues to suppress weed growth and conserve moisture."
What pests and diseases affect cassava?,"Cassava brown streak disease, cassava mosaic disease, and cassava mealy bug are common. Use certified disease-free cuttings, control whiteflies, and remove infected plants."
When is cassava ready for harvest?,"Cassava is ready 8-12 months after planting. Tubers are mature when leaves start to turn yellow. Harvest by digging gently around the plant."
How do I store cassava tubers after harvest?,"Store in a cool, dark, well-ventilated place. Do not wash tubers. Keep temperature between 13-15°C. Use within 1 week for best quality."
What are the uses of cassava in agriculture?,"Cassava is used for human food (roots), animal feed (leaves), starch production, and biofuel. The leaves are nutritious and can be used as green manure."
How do I prevent cassava brown streak disease?,"Use certified disease-free planting material. Control whiteflies with neem spray. Practice crop rotation and remove infected plants immediately."
What is the best fertilizer for cassava?,"Cassava is tolerant to poor soils. However, apply 5-10 tons of manure per hectare at planting. Side-dress with 250 kg/ha NPK fertilizer at 3 months."
What is the best time to plant beans?,"Plant beans during long rains (March-May) or short rains (October-November). Ensure soil temperature is above 18°C."
How do I improve soil fertility for maize farming?,"Incorporate 20 tons of manure per hectare. Practice crop rotation with legumes. Use cover crops and mulching to improve organic matter content."
What is the best way to irrigate crops in dry seasons?,"Use drip irrigation or furrow irrigation for efficiency. Water early morning or late evening to reduce evaporation. Provide 25-50 mm water per week depending on crop."
How do I make compost for my farm?,"Layer organic materials (crop residues, manure, kitchen waste) in a pit. Turn regularly and water to maintain moisture. Ready in 2-3 months when dark and crumbly."
What is crop rotation and why is it important?,"Crop rotation is growing different crops on the same land in sequence. It improves soil fertility, breaks pest and disease cycles, and reduces pesticide use."
What are the benefits of intercropping?,"Intercropping improves land use efficiency, reduces pest pressure, improves soil fertility through legume-cereal combinations, and provides food security."
How do I control armyworms in maize?,"Scout regularly for egg clusters. Crush egg masses by hand. Spray with neem-based insecticides or Bt. Use pheromone traps to monitor population."
What are the signs of phosphorus deficiency in crops?,"Purple or reddish discoloration of leaves, stunted growth, delayed maturity. Apply phosphate-rich fertilizer like DAP or superphosphate."
How do I prevent fungal diseases in crops?,"Improve air circulation with proper spacing. Avoid overhead watering. Remove infected plant parts. Apply fungicides like mancozeb or copper sulfate if needed."
What is the importance of mulching in farming?,"Mulching conserves soil moisture, suppresses weeds, regulates soil temperature, improves organic matter content, and reduces erosion."
How do I prepare land for crop planting?,"Clear vegetation and remove stones. Plough deeply 20-25 cm. Harrow 2-3 times to break clumps. Create planting ridges or furrows."
What are the best crops for rainfed agriculture?,"Millet, sorghum, groundnut, and beans are suitable for rainfed areas. They are drought-tolerant and require minimal inputs."
How do I improve water retention in sandy soils?,"Add organic matter like compost or manure. Mulch the soil surface. Practice contour farming to slow water runoff."
What is the best vegetable to grow in shade?,"Leafy vegetables like spinach, kale, lettuce, and amaranth grow well in partial shade. They prefer cool conditions and moisture."
How do I protect crops from birds?,"Use bird netting, scarecrows, or bird spikes. Plant crops that attract birds away like guava. Use noise deterrents like tin cans or bells."
What is the best time to prune fruit trees?,"Prune during dormancy (dry season) for deciduous trees. For evergreen trees, prune after harvest or before flowering. Remove dead or diseased branches anytime."
How do I improve chicken productivity on the farm?,"Provide balanced feed, clean water, good housing with ventilation, vaccinations, and parasite control. Allow free-range grazing when possible."
What are the signs of disease in livestock?,"Loss of appetite, weight loss, diarrhea, coughing, unusual behavior. Isolate sick animals and consult a veterinarian immediately."
How often should I vaccinate my poultry?,"Follow a vaccination schedule starting at 1 day old. Common vaccines include Newcastle disease, fowl pox, and infectious bronchitis. Consult a veterinarian for exact timing."
What is the best housing for dairy cows?,"Provide well-ventilated sheds with 4-5 m² per cow. Include separate areas for feeding, milking, and resting. Ensure good drainage to prevent diseases."
How do I increase milk production in dairy cows?,"Provide quality feed with adequate protein and energy. Ensure regular milking twice daily. Maintain good health with vaccinations and parasite control."
What is the best feed for beef cattle?,"Use pasture grazing combined with supplements. Provide quality hay, legume pastures, and grain supplements for faster growth."
How do I identify a healthy goat?,"Healthy goats have bright eyes, smooth coat, good weight, normal appetite, and are alert. Check regularly for signs of parasites or disease."
What are the main diseases in goats and how to prevent them?,"Common diseases are pneumonia, foot rot, and parasites. Ensure good housing, hygiene, vaccination, and regular deworming."
What is the best breed of chicken for egg production?,"Leghorn, Rhode Island Red, and Sussex breeds are excellent layers. They produce 250-300 eggs per year."
What is the best breed of chicken for meat production?,"Broiler breeds like Cornish Cross, Brahma, and Cochin are excellent meat producers. They grow fast and have good feed conversion."
How do I control parasites in livestock?,"Use appropriate dewormers based on parasite type. Maintain good hygiene and housing. Rotate grazing areas to break parasite cycles."
What is the best pasture grass for livestock?,"Napier grass, boma Rhodes grass, and Guatemala grass are nutritious and productive. They tolerate different soil conditions and provide year-round grazing."
How do I make silage for livestock feed?,"Chop green forage when it contains 30-40% dry matter. Compact in airtight containers. Allow to ferment for 3-4 weeks before feeding."
What is the importance of record keeping in farming?,"Records help track expenses, yields, and health. They inform decision-making, improve planning, and demonstrate farm productivity for financing."
How do I calculate break-even point in farming?,"Break-even point = Total Fixed Costs ÷ (Selling Price per Unit - Variable Cost per Unit). Understanding this helps in pricing and profitability."
What is the best way to sell farm produce?,"Sell directly to consumers, use farmer cooperatives, supply to retailers, or access wholesale markets. Choose channels with better profit margins."
How do I reduce production costs on my farm?,"Use improved varieties, appropriate mechanization, bulk input purchases, and reduce wastage. Practice efficient resource management."
What are good agricultural practices (GAP)?,"GAP includes proper timing, use of improved varieties, correct spacing, appropriate fertilization, pest management, and harvest at right time."
How can I get extension services for my farm?,"Contact your local agricultural extension office. Attend farmer training sessions. Join farmer groups or cooperatives. Access online resources and videos."
What is organic farming and its benefits?,"Organic farming avoids synthetic inputs and focuses on natural methods. Benefits include better soil health, premium prices, and sustainable production."
How do I transition to organic farming?,"Avoid synthetic fertilizers and pesticides for 2-3 years. Build soil fertility with compost and manure. Document practices for certification."
What are the best organic pest control methods?,"Use neem spray, companion planting, beneficial insects, hand-picking, and physical barriers. Rotate crops and maintain good field hygiene."
What is the importance of soil testing?,"Soil testing reveals pH, nutrient levels, and organic matter content. Results guide fertilizer application and help optimize crop production."
How do I improve clay soils for farming?,"Add organic matter like compost to improve structure. Mulch to prevent hardening. Practice contour farming to prevent erosion and waterlogging."
What is the best practice for water harvesting?,"Construct water-harvesting structures like check dams, tanks, or ponds. Use harvested water for dry season irrigation and livestock."
How do I prevent soil erosion on slopes?,"Plant trees and perennial grasses. Create terraces or contour ridges. Use mulch and avoid leaving soil bare."
What is the role of bees in agriculture?,"Bees pollinate flowers, improving fruit and seed production. A strong bee population can increase yields by 20-40% in many crops."
How do I encourage bees in my farm?,"Plant flowering crops and herbs. Avoid pesticide use or spray in evening. Provide water sources. Establish bee hives if interested in honey production."
What is the best way to control soil-borne diseases?,"Use crop rotation, solarization, disease-free seeds, and avoid planting susceptible crops in infected soil. Use resistant varieties when available."
How do I prevent post-harvest losses?,"Harvest at right time, handle carefully, use proper storage with good ventilation, control temperature and humidity, and monitor for pests and mold."
What are the causes of low crop yields?,"Poor soil fertility, insufficient water, inadequate sunlight, pest and disease pressure, poor variety, and weak farming practices."
How do I improve farm productivity?,"Use improved varieties, provide adequate inputs, practice good sanitation, maintain soil health, control pests and diseases, and adopt best practices."
What is contract farming and its advantages?,"Contract farming is an agreement between farmer and buyer. Advantages include guaranteed market, fair prices, and technical support."
How do I start a fruit tree nursery?,"Collect seeds or propagate cuttings. Use quality nursery soil. Provide shade, water regularly, and monitor for pests. Harden seedlings before sale."
What are the best fruit trees for small farms?,"Mango, avocado, papaya, banana, and citrus are suitable. They give good returns and require less space."
How do I protect seedlings in the nursery?,"Use shade nets for shade-loving plants. Water regularly in early morning. Control pests and diseases. Provide protection from strong winds."
What is the best way to propagate fruit trees?,"Use grafting for mangoes and avocados, budding for citrus, air layering for guava. Ensure you use disease-free materials."
How long before fruit trees start producing?,"Mango and avocado: 3-5 years. Citrus: 2-3 years. Banana and papaya: 1-2 years. Production increases with tree age and better management."
What is agroforestry and its benefits?,"Agroforestry integrates trees with crops and livestock. Benefits include improved soil, diversified income, erosion control, and food security."
How do I establish an agroforestry system?,"Plant trees for timber, fruit, or fodder alongside crops. Space appropriately to avoid shading. Manage trees and crops together for maximum benefit."
What are nitrogen-fixing trees and their role?,"Trees like Sesbania, Calliandra, and Acacia fix nitrogen from air. Plant them for improved soil fertility and fodder production."
How do I use agricultural waste productively?,"Use crop residues as mulch or animal feed. Make compost from organic waste. Use stalks for fuel or building material."
What is the importance of farm mechanization?,"Mechanization reduces labor costs, improves timeliness of operations, reduces drudgery, and increases productivity."
What are the best low-cost farm tools?,"Hand hoes, digging forks, pruning tools, and sprayers are essential. Local blacksmiths can make quality tools at affordable prices."
How do I maintain farm tools?,"Keep tools clean and dry. Oil metal parts to prevent rust. Sharpen blades regularly. Store in a dry place."
What is the importance of a farm business plan?,"A farm plan guides operations, helps secure financing, sets realistic goals, and improves decision-making."
How do I calculate farm profitability?,"Profit = Total Revenue - Total Costs. Monitor costs and revenue regularly. Calculate profit margins to ensure viability."
What are the main challenges in agriculture?,"Climate change, pests and diseases, low prices, limited credit, poor markets, and low adoption of improved varieties."
How can climate change affect my farm?,"Unpredictable rains, extreme temperatures, new pests and diseases. Adapt by using drought-tolerant varieties, improving water management, and diversifying crops."
What is climate-smart agriculture?,"Practices that increase productivity, enhance resilience, and reduce greenhouse gases. Examples: conservation agriculture, agroforestry, and efficient irrigation."
How do I adapt to changing climate on my farm?,"Use drought-tolerant varieties, practice water harvesting, mulch, improve soil health, diversify crops, and adjust planting dates."
What is conservation agriculture and its benefits?,"CA includes minimal soil disturbance, crop rotation, and mulching. Benefits: improved soil health, reduced costs, better water retention, and increased yields."
How do I practice zero-grazing with cattle?,"Grow fodder crops separately. Cut and carry grass to animals in confinement. Collect manure for compost. Reduces land pressure and provides quality feed."
What is the best breed of sheep for wool production?,"Merino and Dorper breeds are good wool producers. They adapt well to different climates and provide good income."
How do I control foot rot in sheep?,"Trim hooves regularly and keep housing dry. Use footbaths with copper sulfate or zinc sulfate. Improve drainage and ventilation."
What is the importance of herd health records?,"Records track vaccinations, treatments, breeding, and productivity. They help identify health issues early and improve herd management."
What are the signs of a healthy herd?,"Bright eyes, smooth coat, good appetite, normal behavior, consistent milk/meat production, and low disease incidence."
How do I prevent mastitis in dairy animals?,"Use clean milking procedures, sanitize equipment, monitor milk quality, maintain good hygiene, and treat early signs promptly."
What is the best management practice for pig farming?,"Provide quality feed, clean water, adequate space, good ventilation, and regular health checks. Vaccinate against common diseases."
How do I control swine fever?,"Practice strict biosecurity. Vaccinate all pigs. Avoid introducing pigs from unknown sources. Report suspected cases to authorities."
What are the best vegetables to grow year-round?,"Leafy greens like kale, spinach, cabbage, and amaranth can be grown year-round with proper management and irrigation."
How do I grow vegetables in pots or containers?,"Use quality potting soil, ensure good drainage, provide adequate water, and fertilize regularly. Choose dwarf varieties suited for containers."
What is succession planting and its benefits?,"Planting crops in intervals to have continuous harvest. Benefits: extended harvesting season and better market supply."
How do I prepare beds for vegetable farming?,"Loosen soil to 20-30 cm depth. Mix in compost or manure. Create raised beds for better drainage. Allow to settle before planting."
What is the best spacing for common vegetables?,"Tomato: 60 cm x 45 cm. Cabbage: 60 cm x 60 cm. Lettuce: 30 cm x 30 cm. Carrot: 15 cm x 10 cm."
How do I control pests using companion planting?,"Plant onion with carrot to deter pests. Plant basil with tomato to repel flies. Use marigold to deter many insects."
What is the best way to preserve fresh vegetables?,"Refrigerate in plastic bags. Use salt or vinegar for pickling. Dry in the sun. Freeze blanched vegetables. Make compost from spoilage."
How do I market vegetables effectively?,"Sell at farmers markets, supply to hotels and schools, direct to consumers, or join cooperatives for better prices and market access."
Thank you for asking! I'm here to help.,I'm happy to assist with any farming questions you have.
That's a great question!,I appreciate your interest. Let me provide detailed information.
I'm glad you asked about that.,This is important for your farm's success.
Tell me more about your situation.,Understanding your specific conditions helps me give better advice.
What farming practices do you currently use?,"Knowing your current methods helps me recommend suitable improvements tailored to your farm."
How large is your farm?,Farm size influences the best practices and technologies I can recommend.
What is your main farming activity?,"Knowing if you focus on crops, livestock, or both helps me give more relevant advice."
Have you faced any farming challenges?,I can help you address specific problems you've encountered.
What are your farming goals?,"Understanding your objectives helps me suggest the best strategies for your farm."
Are you interested in organic farming?,"If you want to go organic, I can guide you through the transition process."
Would you like to improve your yields?,"There are many proven methods to increase productivity. Let me share the best ones for your crops."
How is the weather in your area currently?,"Weather affects farming operations. Tell me about your climate so I can give suitable advice."
Do you have irrigation on your farm?,"Irrigation access determines which crops suit your farm and watering strategies I recommend."
What soil type do you have?,"Soil type influences crop choice and soil improvement practices I suggest."
Have you tested your soil recently?,"Soil testing guides fertilizer use and helps optimize crop production."
Are you planning to expand your farm?,"I can help you plan expansion with suitable crops and practices."
What is your biggest farming concern right now?,"I want to understand your priority so I can focus on what matters most to you."
Do you sell your produce?,"Knowing your market helps me suggest suitable crops and varieties."
Are you interested in diversification?,"Diversifying crops or livestock reduces risk and improves farm income."
How much time can you dedicate to farming?,"Your available time influences which farming activities are suitable."
Do you have access to credit or financing?,"Financing options affect which improvements and inputs you can afford."
Would you like training on farming practices?,"I can guide you through new techniques or help improve existing ones."
I appreciate your patience with me.,I'm learning to better assist farming communities.
Let me explain that differently.,I want to make sure you understand the information clearly.
That's an important consideration.,This aspect significantly affects your farming success.
I understand your concern.,Many farmers face similar challenges and we can address them.
You've raised a valid point.,This is something worth exploring further for your farm.
Let me share an example.,Here's how this works in practice on similar farms.
That makes sense.,Your situation is common among small-scale farmers.
Based on my knowledge.,This is what research and farmer experience shows works best.
In my experience helping farmers.,I've seen this approach work well for many people.
I hope this helps!,I'm confident this advice will improve your farming results.
Feel free to ask more questions.,I'm here to help with any other farming concerns you have.
Best of luck with your farming!,I hope you achieve great success with these practices.
Thank you for the interesting question.,Questions like yours help me serve farming communities better.
I'd like to hear more!,Tell me more about what you're trying to accomplish on your farm.
That's worth exploring further.,This could be beneficial for your particular farming situation.
